id,first_name,last_name,email,gender,ip_address
1,Lauren,Kerby,lkerby0@mediafire.com,Female,70.32.249.43
2,Joanna,Lackemann,jlackemann1@yahoo.co.jp,Female,162.0.51.149
3,Joellyn,Amott,jamott2@nydailynews.com,Female,207.24.244.144
4,Raynor,Jugging,rjugging3@vinaora.com,Male,105.143.166.206
5,Merlina,Livingstone,mlivingstone4@phoca.cz,Female,251.116.27.253
6,Roslyn,Doberer,rdoberer5@github.com,Female,142.60.13.228
7,Stafford,Kelner,skelner6@mac.com,Male,230.8.139.157
8,Stavro,Otson,sotson7@columbia.edu,Male,110.1.128.15
9,Wye,Mottinelli,wmottinelli8@ocn.ne.jp,Male,6.199.125.26
10,Alaric,Ramel,aramel9@meetup.com,Bigender,87.75.50.34
11,Ernaline,Causby,ecausbya@stumbleupon.com,Female,107.212.104.233
12,Glennie,Coghlin,gcoghlinb@businessweek.com,Female,94.123.222.74
13,Killy,Kippie,kkippiec@ft.com,Male,102.134.73.137
14,Billy,Loker,blokerd@intel.com,Male,235.21.12.185
15,Arnold,Tesauro,atesauroe@bravesites.com,Male,210.207.240.90
16,Robert,Farlow,rfarlowf@w3.org,Male,37.24.126.238
17,Mathias,Kettlestringe,mkettlestringeg@altervista.org,Male,185.238.243.253
18,Caty,Blakey,cblakeyh@discuz.net,Female,97.178.56.119
19,Sydel,Rainville,srainvillei@buzzfeed.com,Female,9.219.233.173
20,Virgil,Abrahamsohn,vabrahamsohnj@tinyurl.com,Male,219.13.142.142
21,Star,Heinzel,sheinzelk@vk.com,Female,143.41.87.126
22,Lion,Massie,lmassiel@homestead.com,Male,126.243.195.133
23,Cortney,Doige,cdoigem@blog.com,Non-binary,124.73.184.236
24,Annmarie,Castagne,acastagnen@usa.gov,Female,177.163.93.163
25,Ardeen,Pullinger,apullingero@ow.ly,Female,125.105.174.70
26,Earl,Pogg,epoggp@blinklist.com,Male,129.153.36.103
27,Devlin,Andreix,dandreixq@shareasale.com,Male,30.164.127.165
28,Keefer,Leavold,kleavoldr@umich.edu,Genderfluid,228.69.136.149
29,Marcel,Stratz,mstratzs@hatena.ne.jp,Male,26.94.131.99
30,Horatius,Bacup,hbacupt@moonfruit.com,Agender,43.40.192.199
31,Cordie,Scopham,cscophamu@prweb.com,Male,20.93.5.202
32,Demeter,Ashling,dashlingv@pagesperso-orange.fr,Female,131.160.164.196
33,Anselm,Ianson,aiansonw@slate.com,Male,226.26.132.83
34,Camille,Millott,cmillottx@psu.edu,Genderfluid,65.67.66.122
35,Issi,Burling,iburlingy@chronoengine.com,Female,177.81.222.101
36,Haley,Janca,hjancaz@japanpost.jp,Female,153.5.70.5
37,Emili,Cawtheray,ecawtheray10@redcross.org,Female,190.240.142.239
38,Arman,Abyss,aabyss11@wikispaces.com,Male,101.66.252.102
39,Kendell,Trevaskus,ktrevaskus12@yelp.com,Polygender,176.9.86.173
40,Dewitt,Whoolehan,dwhoolehan13@slideshare.net,Male,216.115.135.224
41,Nonah,Bruhnke,nbruhnke14@marketwatch.com,Female,7.120.22.133
42,Petra,Sent,psent15@yandex.ru,Female,233.170.151.72
43,Annora,Fullard,afullard16@unc.edu,Female,174.82.193.243
44,Liliane,Ravens,lravens17@amazonaws.com,Female,218.170.80.141
45,Jeffy,Dorgan,jdorgan18@springer.com,Male,66.222.51.27
46,Gracia,Simonot,gsimonot19@wufoo.com,Polygender,77.231.77.83
47,Agata,O' Concannon,aoconcannon1a@rakuten.co.jp,Female,197.48.247.168
48,Kippie,Gricks,kgricks1b@edublogs.org,Female,97.216.118.204
49,Clementine,Pengilley,cpengilley1c@gmpg.org,Female,82.253.90.164
50,Niall,Adamowicz,nadamowicz1d@cornell.edu,Male,81.140.214.174
51,Zaria,Bovingdon,zbovingdon1e@netvibes.com,Female,80.86.156.29
52,Hyatt,Mohun,hmohun1f@github.com,Male,131.158.255.160
53,Kore,Halleday,khalleday1g@nifty.com,Female,235.91.151.239
54,Fremont,Morteo,fmorteo1h@msu.edu,Polygender,63.201.162.40
55,Caitrin,Chatburn,cchatburn1i@engadget.com,Female,108.12.156.112
56,Derron,Garvill,dgarvill1j@mysql.com,Male,4.116.38.135
57,Farlay,McGillreich,fmcgillreich1k@chronoengine.com,Bigender,4.39.116.94
58,Emylee,McElrath,emcelrath1l@weather.com,Non-binary,172.131.82.129
59,Franzen,Pengelly,fpengelly1m@rakuten.co.jp,Male,206.207.3.179
60,Abel,Neilson,aneilson1n@surveymonkey.com,Male,15.107.70.182
61,Miltie,Phillimore,mphillimore1o@nbcnews.com,Male,216.134.164.80
62,Ines,Evenett,ievenett1p@photobucket.com,Female,188.245.144.17
63,Malva,Squibe,msquibe1q@gmpg.org,Female,109.221.68.235
64,Melvyn,Physic,mphysic1r@npr.org,Male,248.221.26.194
65,Stefania,Kroll,skroll1s@issuu.com,Female,178.142.114.168
66,Genevra,Kibbe,gkibbe1t@mediafire.com,Female,90.64.36.208
67,Fabien,Fipp,ffipp1u@prnewswire.com,Male,11.68.226.163
68,Vina,Andrin,vandrin1v@booking.com,Female,123.120.146.55
69,Nariko,Uridge,nuridge1w@google.ru,Female,207.111.28.140
70,Ruthe,McManamon,rmcmanamon1x@redcross.org,Female,178.190.204.2
71,Archy,Ditt,aditt1y@ucla.edu,Male,238.2.216.225
72,Royall,Adamo,radamo1z@yahoo.com,Male,208.81.230.74
73,Lazare,Rosendall,lrosendall20@paginegialle.it,Male,178.188.239.87
74,Saudra,Braney,sbraney21@aboutads.info,Female,60.117.196.203
75,Juliet,Petrollo,jpetrollo22@jalbum.net,Female,200.71.131.221
76,Dorolice,Sweatland,dsweatland23@nasa.gov,Female,22.74.22.135
77,Aldrich,Girardy,agirardy24@t.co,Male,58.69.204.31
78,Rayshell,Trewhela,rtrewhela25@businesswire.com,Female,209.255.108.99
79,Aleen,Aberdalgy,aaberdalgy26@rakuten.co.jp,Female,63.143.172.168
80,Jordain,Mosdill,jmosdill27@xinhuanet.com,Polygender,89.119.49.125
81,Shell,Lambersen,slambersen28@arstechnica.com,Male,215.6.162.179
82,Amabelle,Matchitt,amatchitt29@jugem.jp,Female,120.248.192.128
83,Janka,Silby,jsilby2a@storify.com,Female,147.54.187.207
84,Kati,Totton,ktotton2b@wisc.edu,Female,92.120.22.23
85,Jillian,Wastie,jwastie2c@joomla.org,Female,46.36.164.3
86,Dottie,Treadger,dtreadger2d@slate.com,Female,26.51.210.5
87,Beverly,Shiril,bshiril2e@reference.com,Genderqueer,133.36.11.139
88,Baxie,Wederell,bwederell2f@qq.com,Male,55.140.89.60
89,Marice,Mounfield,mmounfield2g@pen.io,Non-binary,155.54.202.224
90,Ardenia,Raleston,araleston2h@tinypic.com,Female,158.155.71.16
91,Bendix,Challens,bchallens2i@oakley.com,Male,146.244.134.253
92,Melantha,Kirk,mkirk2j@people.com.cn,Genderfluid,55.93.56.80
93,Chanda,Ivancevic,civancevic2k@omniture.com,Female,123.100.14.147
94,Monica,Jacquemy,mjacquemy2l@shinystat.com,Female,58.244.2.224
95,Raymund,Baxster,rbaxster2m@yahoo.co.jp,Male,18.253.150.102
96,Ware,Blankau,wblankau2n@etsy.com,Male,46.6.44.78
97,Olag,Stoade,ostoade2o@taobao.com,Male,160.149.60.144
98,Rosemonde,Pylkynyton,rpylkynyton2p@infoseek.co.jp,Female,69.51.97.131
99,Mellicent,Lorrimer,mlorrimer2q@auda.org.au,Female,164.233.65.175
100,Guendolen,Skates,gskates2r@webeden.co.uk,Female,89.250.40.185
101,Estrella,Philippart,ephilippart2s@studiopress.com,Female,123.133.176.100
102,Sherlocke,Silversmid,ssilversmid2t@discovery.com,Male,39.39.43.116
103,Stormi,McTurk,smcturk2u@thetimes.co.uk,Female,74.31.108.90
104,Hillary,Cloke,hcloke2v@simplemachines.org,Male,7.206.77.144
105,Alvera,Simonini,asimonini2w@reuters.com,Female,237.192.227.245
106,Nana,Furmage,nfurmage2x@jiathis.com,Female,120.160.64.121
107,Alikee,Gribbins,agribbins2y@gravatar.com,Genderfluid,233.171.99.122
108,Samuele,Blondin,sblondin2z@yellowbook.com,Male,37.11.96.219
109,Larina,Rohlf,lrohlf30@behance.net,Female,52.37.145.174
110,Eustace,Yurenin,eyurenin31@123-reg.co.uk,Male,119.109.203.241
111,Sammy,Swanwick,sswanwick32@geocities.jp,Female,169.244.72.40
112,Phedra,Bett,pbett33@slashdot.org,Female,125.212.225.153
113,Farra,Grimm,fgrimm34@cocolog-nifty.com,Genderqueer,196.224.209.41
114,Alis,Tamsett,atamsett35@sbwire.com,Genderqueer,51.78.57.193
115,Wadsworth,Scholefield,wscholefield36@army.mil,Male,89.50.169.12
116,Fairleigh,Musso,fmusso37@narod.ru,Male,156.147.147.156
117,Maia,Abbis,mabbis38@upenn.edu,Female,177.171.196.77
118,Marmaduke,Goggen,mgoggen39@goo.ne.jp,Male,241.209.175.220
119,Ferdinanda,Waadenburg,fwaadenburg3a@dot.gov,Female,20.147.162.54
120,Archibold,Winch,awinch3b@technorati.com,Male,162.130.15.137
121,Joel,Prozillo,jprozillo3c@dailymail.co.uk,Male,43.96.218.37
122,Arie,Edscer,aedscer3d@microsoft.com,Male,73.142.188.74
123,Marchall,Trammel,mtrammel3e@amazon.co.uk,Male,75.251.95.207
124,Baird,Onions,bonions3f@phoca.cz,Male,230.221.221.109
125,Ade,Dorbin,adorbin3g@pen.io,Genderqueer,104.8.226.154
126,Lay,Ziehm,lziehm3h@joomla.org,Male,32.177.102.202
127,Danny,Andrioli,dandrioli3i@tumblr.com,Female,230.146.214.238
128,Wainwright,Pelzer,wpelzer3j@adobe.com,Male,235.110.224.227
129,Kinna,Willingale,kwillingale3k@baidu.com,Female,247.88.148.187
130,Faulkner,Cayette,fcayette3l@cam.ac.uk,Male,77.13.122.44
131,Tricia,Goosey,tgoosey3m@ning.com,Female,85.116.103.73
132,Lisette,Jodrellec,ljodrellec3n@webs.com,Genderfluid,195.158.98.23
133,Genvieve,Foxten,gfoxten3o@mozilla.org,Agender,111.210.240.134
134,Evey,Ryson,eryson3p@gravatar.com,Female,192.173.199.110
135,Dasha,Starmont,dstarmont3q@statcounter.com,Female,107.145.228.76
136,Davidson,Grishmanov,dgrishmanov3r@drupal.org,Male,24.156.85.75
137,Selene,Minghella,sminghella3s@abc.net.au,Female,213.224.187.209
138,Linnell,Goding,lgoding3t@behance.net,Female,117.141.173.176
139,Cacilie,Newbegin,cnewbegin3u@wired.com,Female,54.21.150.3
140,Galvan,Clymo,gclymo3v@goodreads.com,Male,26.232.216.186
141,Borg,Duding,bduding3w@japanpost.jp,Male,189.208.169.92
142,Phaedra,Winckworth,pwinckworth3x@nymag.com,Female,114.104.13.150
143,Darelle,Ashleigh,dashleigh3y@narod.ru,Female,132.41.66.208
144,Chet,Clausner,cclausner3z@i2i.jp,Male,244.18.183.237
145,Ambros,Elstub,aelstub40@sciencedaily.com,Male,169.123.121.173
146,Bendix,Kordes,bkordes41@cnet.com,Genderqueer,0.254.101.218
147,Mallissa,Sivewright,msivewright42@stumbleupon.com,Female,78.23.78.168
148,Andie,Hambatch,ahambatch43@tripadvisor.com,Female,59.110.252.199
149,Aubert,Radin,aradin44@latimes.com,Male,199.230.15.34
150,Ettie,Tabram,etabram45@pcworld.com,Female,252.45.92.103
151,Roxanna,Hame,rhame46@craigslist.org,Female,112.220.250.74
152,Willi,Fennelly,wfennelly47@msu.edu,Male,230.236.71.223
153,Carolynn,Sandell,csandell48@cam.ac.uk,Female,151.76.157.231
154,Celestyna,Beeswing,cbeeswing49@soundcloud.com,Female,88.68.146.67
155,Dorothea,Malamore,dmalamore4a@github.io,Female,141.87.238.90
156,Ashia,Writtle,awrittle4b@yellowbook.com,Female,124.244.54.240
157,Carling,Lehrian,clehrian4c@storify.com,Male,83.97.238.64
158,Yorke,Wein,ywein4d@yellowbook.com,Male,9.94.229.213
159,Rosalia,Hymers,rhymers4e@mtv.com,Female,8.82.42.25
160,Pincas,Fishbourn,pfishbourn4f@netvibes.com,Male,44.133.123.108
161,Edan,Lorne,elorne4g@ow.ly,Male,228.243.199.127
162,Benjamen,Throssell,bthrossell4h@cnbc.com,Male,248.145.131.38
163,Maryjo,Admans,madmans4i@networkadvertising.org,Female,155.134.17.87
164,Toinette,Dilworth,tdilworth4j@ebay.com,Female,181.17.95.116
165,Paulie,Maypole,pmaypole4k@histats.com,Male,131.114.213.184
166,Ardene,Soldner,asoldner4l@gnu.org,Female,57.165.162.67
167,Joella,Farny,jfarny4m@vkontakte.ru,Female,99.171.252.148
168,Agosto,Windrus,awindrus4n@miibeian.gov.cn,Male,156.22.166.51
169,Dalt,Roland,droland4o@bizjournals.com,Male,122.236.245.55
170,Rabi,Ablewhite,rablewhite4p@psu.edu,Male,141.117.163.209
171,Spencer,L'argent,slargent4q@yahoo.co.jp,Genderqueer,246.116.25.205
172,Hortense,Forrestor,hforrestor4r@vinaora.com,Bigender,186.226.202.246
173,Giffy,Durgan,gdurgan4s@ucla.edu,Male,114.189.100.202
174,Ruddie,Di Antonio,rdiantonio4t@businessweek.com,Male,199.122.4.255
175,Ursuline,Gorbell,ugorbell4u@nature.com,Female,156.209.147.98
176,Heriberto,McAnulty,hmcanulty4v@1und1.de,Male,151.211.37.239
177,Shara,MacCoveney,smaccoveney4w@hao123.com,Female,184.128.82.35
178,Rey,Gayter,rgayter4x@google.es,Female,213.241.1.187
179,Tabbatha,Bonevant,tbonevant4y@devhub.com,Female,78.154.115.233
180,Madonna,Gallager,mgallager4z@un.org,Female,31.219.147.102
181,Trixie,Demkowicz,tdemkowicz50@pbs.org,Female,103.108.254.138
182,Jessee,Kinder,jkinder51@arstechnica.com,Male,173.132.141.2
183,Kin,Saywell,ksaywell52@upenn.edu,Male,108.228.143.5
184,Abra,Pennycuick,apennycuick53@usnews.com,Non-binary,56.88.249.143
185,Maddie,Turley,mturley54@clickbank.net,Female,174.1.1.237
186,Myles,Barwick,mbarwick55@angelfire.com,Male,123.93.191.134
187,Rupert,Rash,rrash56@shutterfly.com,Male,248.204.159.94
188,Filmer,Westoff,fwestoff57@360.cn,Agender,33.33.156.87
189,Andris,Lurner,alurner58@twitpic.com,Male,94.116.38.130
190,Lynnea,Marvin,lmarvin59@princeton.edu,Female,28.35.233.6
191,Addy,Daintree,adaintree5a@sbwire.com,Male,209.93.135.93
192,Carri,Tarpey,ctarpey5b@moonfruit.com,Female,62.168.210.138
193,Phedra,Cavilla,pcavilla5c@altervista.org,Female,122.201.117.136
194,Eduino,Eames,eeames5d@sourceforge.net,Male,110.13.141.165
195,Shannah,Doggett,sdoggett5e@angelfire.com,Female,162.6.90.250
196,Korey,Spelling,kspelling5f@constantcontact.com,Male,253.117.199.108
197,Eleanor,Najera,enajera5g@dell.com,Female,221.203.168.237
198,Micheline,Easbie,measbie5h@pcworld.com,Female,232.64.226.172
199,Keven,Chismon,kchismon5i@rakuten.co.jp,Male,137.192.61.185
200,Jeanine,Bellinger,jbellinger5j@shop-pro.jp,Female,10.42.16.219
201,Jozef,Mc Caughen,jmccaughen5k@pen.io,Male,165.148.1.217
202,Isidro,Sidnall,isidnall5l@mac.com,Male,239.127.64.217
203,Toinette,Barosch,tbarosch5m@constantcontact.com,Female,122.123.161.98
204,Grace,Inworth,ginworth5n@ycombinator.com,Female,1.224.14.254
205,Anthe,Duthie,aduthie5o@vistaprint.com,Female,140.50.73.58
206,Minni,Tethcote,mtethcote5p@merriam-webster.com,Female,141.111.75.128
207,Cherri,Craney,ccraney5q@purevolume.com,Female,168.29.78.116
208,Ericka,Bull,ebull5r@webeden.co.uk,Female,111.218.57.148
209,Lianna,Toogood,ltoogood5s@wikipedia.org,Female,56.154.235.208
210,Janos,Carnier,jcarnier5t@de.vu,Male,220.202.248.79
211,Nelson,Brekonridge,nbrekonridge5u@elegantthemes.com,Male,27.1.64.37
212,Cher,Lonie,clonie5v@hibu.com,Female,183.192.183.161
213,Frankie,Hazael,fhazael5w@ovh.net,Female,47.96.175.151
214,Sandor,Mahoney,smahoney5x@mit.edu,Male,127.164.198.24
215,Anjela,Kenan,akenan5y@so-net.ne.jp,Female,30.57.21.255
216,Katey,Cupper,kcupper5z@nba.com,Female,230.79.124.58
217,Frederic,Rainsden,frainsden60@opensource.org,Male,198.127.145.49
218,Filmore,McLanachan,fmclanachan61@nsw.gov.au,Male,227.152.187.143
219,Lane,Pettet,lpettet62@google.pl,Female,100.89.1.99
220,Zuzana,Steven,zsteven63@dropbox.com,Female,33.119.128.77
221,Katee,Atcherley,katcherley64@csmonitor.com,Female,124.183.105.73
222,Susan,Mercey,smercey65@indiatimes.com,Female,129.0.120.132
223,Brittni,Ohm,bohm66@mashable.com,Female,89.230.178.12
224,Darrel,Casillas,dcasillas67@scribd.com,Male,26.125.179.148
225,Rick,Beare,rbeare68@weather.com,Male,180.211.33.17
226,Maurie,Pinwell,mpinwell69@wufoo.com,Male,77.137.96.16
227,Hew,Folomkin,hfolomkin6a@jalbum.net,Male,60.3.46.24
228,Evanne,Dowsett,edowsett6b@elpais.com,Female,42.205.16.149
229,Suzanne,D'Aulby,sdaulby6c@cyberchimps.com,Female,208.79.183.170
230,Lenette,Bradnock,lbradnock6d@marketwatch.com,Female,2.38.94.24
231,Carce,Verbrugghen,cverbrugghen6e@zimbio.com,Male,96.78.183.79
232,Mohammed,Hayth,mhayth6f@ftc.gov,Male,30.81.144.248
233,Clarette,Heffron,cheffron6g@washington.edu,Female,134.226.237.211
234,Truda,Witty,twitty6h@webs.com,Female,31.29.240.214
235,Nonna,Malan,nmalan6i@spotify.com,Female,38.197.248.223
236,Danya,Obington,dobington6j@ft.com,Genderfluid,230.141.249.252
237,Ursuline,Bythway,ubythway6k@angelfire.com,Female,118.228.132.164
238,Eduardo,Gueste,egueste6l@moonfruit.com,Male,34.111.25.148
239,Vivien,Clayal,vclayal6m@hostgator.com,Female,31.237.200.195
240,Carey,Cusack,ccusack6n@wikispaces.com,Female,137.255.58.243
241,Rici,Pearsall,rpearsall6o@ifeng.com,Female,118.239.87.164
242,Amber,Neeves,aneeves6p@networksolutions.com,Female,128.28.110.156
243,Antin,Hatrick,ahatrick6q@nyu.edu,Male,205.68.228.225
244,Bessie,Bullivant,bbullivant6r@pagesperso-orange.fr,Female,200.48.17.22
245,Corilla,Chittim,cchittim6s@pinterest.com,Female,250.237.220.190
246,Kris,Keoghan,kkeoghan6t@hhs.gov,Male,74.176.60.184
247,Thebault,Alderson,talderson6u@slideshare.net,Male,21.233.220.16
248,Maurene,Backe,mbacke6v@redcross.org,Female,81.64.172.122
249,Marv,Cornuau,mcornuau6w@ustream.tv,Male,13.236.90.54
250,Jacinda,Rillatt,jrillatt6x@soundcloud.com,Female,254.204.189.138
251,Tuckie,Blampy,tblampy6y@google.com,Male,159.224.216.66
252,Alisha,Boud,aboud6z@salon.com,Female,192.4.191.107
253,Tamarra,Balnaves,tbalnaves70@dot.gov,Female,143.54.65.97
254,Tito,Ferreres,tferreres71@flickr.com,Male,178.106.200.39
255,Brinna,Durdle,bdurdle72@go.com,Female,234.187.3.200
256,Nicolle,Cummings,ncummings73@blogtalkradio.com,Female,73.211.196.170
257,Biddy,Breton,bbreton74@ameblo.jp,Female,91.196.67.130
258,Ravid,Longden,rlongden75@a8.net,Male,180.95.184.189
259,Drucy,Gilliat,dgilliat76@prlog.org,Genderfluid,187.246.83.135
260,Janet,Geerits,jgeerits77@state.tx.us,Female,166.43.91.173
261,Jesse,Harmon,jharmon78@usnews.com,Female,208.159.190.83
262,Ethelbert,Vasilechko,evasilechko79@house.gov,Male,199.135.217.166
263,Corey,Lermit,clermit7a@biblegateway.com,Female,91.182.72.229
264,Abdul,Shutte,ashutte7b@youtube.com,Male,150.157.6.144
265,Melania,Canham,mcanham7c@mashable.com,Female,208.145.92.79
266,Cletus,Ledbetter,cledbetter7d@prlog.org,Male,43.149.2.166
267,Stephi,Bothbie,sbothbie7e@imdb.com,Female,99.78.33.233
268,Gregory,McGahy,gmcgahy7f@theglobeandmail.com,Genderfluid,64.182.187.80
269,Shay,Briton,sbriton7g@simplemachines.org,Female,6.45.190.43
270,Kynthia,Crinion,kcrinion7h@apache.org,Female,176.210.213.31
271,Siobhan,Sackett,ssackett7i@slideshare.net,Non-binary,248.33.245.216
272,Kalle,Linch,klinch7j@cnet.com,Male,209.251.104.41
273,Kissie,Burborough,kburborough7k@github.io,Female,226.96.83.33
274,Alfonso,Matuschek,amatuschek7l@chron.com,Male,171.93.182.13
275,Beckie,Markussen,bmarkussen7m@csmonitor.com,Female,228.106.117.43
276,Obie,Towlson,otowlson7n@uol.com.br,Polygender,98.38.7.199
277,Mina,Dionisii,mdionisii7o@unicef.org,Female,57.130.168.232
278,Mariette,Daborn,mdaborn7p@biglobe.ne.jp,Female,246.175.156.96
279,Rustin,Rolance,rrolance7q@mediafire.com,Male,33.25.0.9
280,Ario,Banishevitz,abanishevitz7r@cmu.edu,Male,30.137.7.194
281,Karney,Crake,kcrake7s@wikia.com,Polygender,16.140.68.88
282,Gus,Gaiford,ggaiford7t@de.vu,Male,24.170.245.86
283,Tybalt,Barnwell,tbarnwell7u@e-recht24.de,Male,208.93.165.41
284,Tierney,Really,treally7v@wisc.edu,Female,6.37.146.5
285,Maximo,Rosetti,mrosetti7w@wunderground.com,Male,164.21.224.242
286,Dalli,Ribbens,dribbens7x@hatena.ne.jp,Male,253.42.239.123
287,Lanny,Heatherington,lheatherington7y@ucla.edu,Female,211.201.33.220
288,Alden,Peskett,apeskett7z@github.io,Male,203.118.0.253
289,Adams,Fillgate,afillgate80@flickr.com,Male,57.227.223.207
290,Kaila,Brolechan,kbrolechan81@chron.com,Female,38.242.56.24
291,Austen,Fosberry,afosberry82@mapy.cz,Male,174.141.1.127
292,Juanita,Whitebread,jwhitebread83@nih.gov,Female,246.245.190.153
293,Heindrick,Pettengell,hpettengell84@gnu.org,Male,127.218.208.108
294,Burr,Slamaker,bslamaker85@cbslocal.com,Male,155.200.237.158
295,Lily,Cudbird,lcudbird86@lycos.com,Female,78.119.216.48
296,Thayne,Robjant,trobjant87@state.tx.us,Male,11.143.146.213
297,Isidoro,Ferri,iferri88@foxnews.com,Male,142.180.45.224
298,Rockie,Lanphere,rlanphere89@soundcloud.com,Male,241.202.20.213
299,Rosmunda,Basillon,rbasillon8a@dyndns.org,Genderqueer,213.176.173.49
300,Agosto,Lopes,alopes8b@purevolume.com,Male,185.89.48.255
301,Gaelan,Learmouth,glearmouth8c@sitemeter.com,Male,87.221.47.119
302,Junette,Bransom,jbransom8d@examiner.com,Female,226.200.178.203
303,Allyn,Dew,adew8e@usnews.com,Male,118.72.53.192
304,Desmund,Lehenmann,dlehenmann8f@cdc.gov,Male,218.148.61.196
305,Kitty,Kristoffersen,kkristoffersen8g@etsy.com,Female,242.21.99.37
306,Otes,Aggis,oaggis8h@reddit.com,Male,179.173.61.77
307,Teodoor,Carrol,tcarrol8i@latimes.com,Male,239.108.19.160
308,Fairleigh,Grabbam,fgrabbam8j@nifty.com,Male,189.200.80.31
309,Wilona,Bail,wbail8k@umich.edu,Female,52.198.101.72
310,Booth,Mouton,bmouton8l@princeton.edu,Male,185.252.155.182
311,Dicky,Paolone,dpaolone8m@chronoengine.com,Male,157.235.68.35
312,Tobias,Wixey,twixey8n@delicious.com,Male,121.164.1.57
313,Priscella,Mayer,pmayer8o@xrea.com,Female,37.59.178.19
314,Vitoria,Jorger,vjorger8p@exblog.jp,Female,136.140.42.172
315,Russell,Geaves,rgeaves8q@shop-pro.jp,Male,84.18.84.142
316,Ferdie,Roney,froney8r@spotify.com,Genderfluid,2.156.192.208
317,Hoyt,Prowting,hprowting8s@issuu.com,Genderqueer,55.31.151.119
318,Cecilio,Ludovico,cludovico8t@fotki.com,Male,128.118.253.8
319,Gabriellia,Ditts,gditts8u@sina.com.cn,Bigender,139.166.18.207
320,Erhart,Beauvais,ebeauvais8v@twitter.com,Male,116.101.164.184
321,Artemus,Dunsmuir,adunsmuir8w@printfriendly.com,Male,156.217.243.136
322,Gerrilee,Trood,gtrood8x@e-recht24.de,Female,220.180.114.111
323,Calla,Bloxsom,cbloxsom8y@nature.com,Female,207.127.123.219
324,Ronny,McHenry,rmchenry8z@bandcamp.com,Female,44.84.37.185
325,Corney,Bysouth,cbysouth90@simplemachines.org,Male,96.79.2.208
326,Clarke,Kench,ckench91@t.co,Male,177.63.178.39
327,Stesha,Ingleby,singleby92@theguardian.com,Female,108.89.131.104
328,Margaux,Erwin,merwin93@discuz.net,Female,45.50.169.248
329,Edmon,Wilcock,ewilcock94@answers.com,Male,202.92.89.169
330,Rolf,Woodruff,rwoodruff95@blogger.com,Male,220.250.239.230
331,Constancia,Betton,cbetton96@e-recht24.de,Female,72.177.204.206
332,Lothaire,Huxster,lhuxster97@jimdo.com,Male,145.76.43.9
333,Blondy,Ruprich,bruprich98@aol.com,Female,81.135.128.91
334,Willyt,Touson,wtouson99@constantcontact.com,Bigender,109.42.201.111
335,Nicola,Maydwell,nmaydwell9a@hubpages.com,Male,12.50.222.203
336,Holli,McNeillie,hmcneillie9b@usgs.gov,Female,194.131.63.63
337,Carol-jean,Janaszkiewicz,cjanaszkiewicz9c@omniture.com,Female,171.179.103.240
338,Ag,Edson,aedson9d@fastcompany.com,Genderqueer,209.120.122.9
339,Galvin,Fessier,gfessier9e@aboutads.info,Male,216.250.120.110
340,Gae,Ewebank,gewebank9f@themeforest.net,Female,15.86.232.128
341,Lucius,Stonbridge,lstonbridge9g@seesaa.net,Male,103.165.130.78
342,Eduino,Campaigne,ecampaigne9h@moonfruit.com,Male,218.219.50.249
343,Beale,Shrawley,bshrawley9i@wikispaces.com,Male,107.160.238.176
344,Ciro,Scholtis,cscholtis9j@ftc.gov,Male,146.249.66.187
345,Ashlan,Painswick,apainswick9k@xing.com,Female,165.198.129.237
346,Kort,Pusill,kpusill9l@omniture.com,Male,47.79.177.138
347,Hedvige,Kubasek,hkubasek9m@livejournal.com,Genderfluid,239.212.72.172
348,Danya,Melia,dmelia9n@arstechnica.com,Male,127.237.165.240
349,Hort,Brownett,hbrownett9o@addthis.com,Male,11.223.188.209
350,Yardley,Maskill,ymaskill9p@ted.com,Male,159.118.133.141
351,Gretel,Strute,gstrute9q@eventbrite.com,Female,201.30.151.221
352,Caroline,MacClancey,cmacclancey9r@unc.edu,Female,36.99.3.249
353,Hershel,Fettis,hfettis9s@dmoz.org,Male,145.162.124.86
354,Donny,Cornely,dcornely9t@salon.com,Polygender,50.56.40.228
355,Oren,Uzzell,ouzzell9u@github.io,Male,224.196.53.21
356,Miriam,Kalkhoven,mkalkhoven9v@dot.gov,Female,23.128.132.201
357,Peter,Roy,proy9w@phpbb.com,Male,166.15.214.173
358,Gale,Joffe,gjoffe9x@sciencedaily.com,Female,195.36.68.70
359,Timotheus,Fieller,tfieller9y@nba.com,Male,42.73.198.236
360,Yalonda,Taphouse,ytaphouse9z@yale.edu,Female,221.141.113.110
361,Michael,Clynter,mclyntera0@wordpress.com,Male,66.48.71.28
362,Roarke,Worts,rwortsa1@mysql.com,Non-binary,58.174.97.128
363,Isis,Defty,ideftya2@whitehouse.gov,Female,117.163.50.149
364,Gladys,Heisham,gheishama3@umich.edu,Female,88.26.241.57
365,Pauly,Ivashkov,pivashkova4@desdev.cn,Female,90.110.22.71
366,Rockey,Wooder,rwoodera5@51.la,Male,236.190.57.48
367,Brendin,Jeenes,bjeenesa6@weebly.com,Male,69.208.67.106
368,Zaccaria,Ceaser,zceasera7@technorati.com,Male,255.31.167.12
369,Gayleen,Bohling,gbohlinga8@about.com,Genderqueer,133.251.168.102
370,Leonid,Wickenden,lwickendena9@newsvine.com,Male,151.110.247.239
371,Sandro,Conachie,sconachieaa@usnews.com,Male,39.78.124.234
372,Maryjo,Olding,moldingab@jalbum.net,Genderqueer,114.208.67.181
373,Lilas,Osgordby,losgordbyac@japanpost.jp,Female,98.217.80.198
374,Johnna,Sutlieff,jsutlieffad@ftc.gov,Female,105.49.13.155
375,Clyve,Getcliff,cgetcliffae@guardian.co.uk,Male,183.182.36.99
376,Conrad,Revitt,crevittaf@dot.gov,Male,201.245.28.83
377,Ingeberg,Rothman,irothmanag@examiner.com,Female,15.177.244.163
378,Stesha,Bowhey,sbowheyah@joomla.org,Female,77.121.173.84
379,Robena,Pozzo,rpozzoai@independent.co.uk,Female,156.247.142.186
380,Claire,Diess,cdiessaj@discovery.com,Female,202.136.78.82
381,Paxton,Langmead,plangmeadak@scribd.com,Male,198.23.205.245
382,Donovan,Rapp,drappal@youku.com,Male,159.183.90.245
383,Moll,Risborough,mrisborougham@reddit.com,Female,183.143.109.24
384,Tate,Shearman,tshearmanan@time.com,Male,3.117.133.210
385,Cloris,Sharpling,csharplingao@e-recht24.de,Female,250.140.125.239
386,Bambi,Wennam,bwennamap@seesaa.net,Female,0.157.53.110
387,Chickie,Percifer,cperciferaq@ed.gov,Male,173.143.133.228
388,Kaycee,Sworn,kswornar@edublogs.org,Female,184.54.123.245
389,Octavia,Tuddall,otuddallas@skyrock.com,Female,232.111.151.243
390,Caprice,Le Blanc,cleblancat@yale.edu,Female,115.105.23.116
391,Shayne,Raraty,sraratyau@behance.net,Male,9.181.112.122
392,Cross,Hadlington,chadlingtonav@bloglines.com,Male,229.165.50.74
393,Davon,Fritschel,dfritschelaw@mapquest.com,Male,205.179.176.119
394,Inness,Doman,idomanax@mozilla.com,Male,9.210.217.187
395,Drew,Percifer,dperciferay@tinyurl.com,Male,154.151.150.190
396,Bunny,Calvie,bcalvieaz@quantcast.com,Female,66.1.210.159
397,Matti,Leyborne,mleyborneb0@parallels.com,Female,125.92.236.255
398,Elijah,Zorn,ezornb1@earthlink.net,Male,239.12.25.59
399,Gilda,Rozec,grozecb2@blogspot.com,Female,90.117.10.247
400,Casar,Osment,cosmentb3@goo.gl,Male,160.220.166.251
401,Cheslie,Jerrome,cjerromeb4@google.fr,Female,210.19.110.112
402,Brenna,Bedham,bbedhamb5@yahoo.co.jp,Female,2.230.85.36
403,Nedda,Castleman,ncastlemanb6@go.com,Female,186.114.24.163
404,Sarge,Saxon,ssaxonb7@woothemes.com,Male,217.117.68.179
405,Buckie,Clash,bclashb8@geocities.jp,Male,83.208.97.198
406,Heath,Curtin,hcurtinb9@unesco.org,Agender,97.132.68.44
407,Cahra,Conniam,cconniamba@reference.com,Female,127.196.157.199
408,Bill,Buttery,bbutterybb@yahoo.co.jp,Female,55.151.115.103
409,Lorrin,Mosby,lmosbybc@bizjournals.com,Female,180.36.10.200
410,Anni,Albert,aalbertbd@delicious.com,Female,13.93.126.108
411,Cullin,Buske,cbuskebe@google.co.jp,Male,95.105.22.85
412,Reagan,Mersey,rmerseybf@telegraph.co.uk,Male,220.117.223.161
413,Stearn,Dodwell,sdodwellbg@merriam-webster.com,Male,136.48.228.20
414,Edith,Tabourier,etabourierbh@google.com.br,Female,129.200.97.85
415,Ulrick,Basketfield,ubasketfieldbi@ycombinator.com,Bigender,205.223.155.244
416,Chrisse,Ellington,cellingtonbj@alexa.com,Male,23.106.8.43
417,Marylin,Degenhardt,mdegenhardtbk@washington.edu,Female,250.6.47.185
418,Jock,Orrick,jorrickbl@mapquest.com,Genderqueer,255.35.35.146
419,Sisely,Le Galle,slegallebm@gov.uk,Female,42.0.27.222
420,Claudia,O'Drought,codroughtbn@theguardian.com,Female,188.139.116.109
421,Bogey,Alenichev,balenichevbo@sbwire.com,Male,104.39.235.213
422,Wallie,Cutcliffe,wcutcliffebp@bbc.co.uk,Male,224.105.55.150
423,Esme,Tring,etringbq@nasa.gov,Male,209.190.129.47
424,Burton,Giovannelli,bgiovannellibr@prlog.org,Male,148.9.85.198
425,Clare,Agar,cagarbs@networksolutions.com,Male,47.18.208.155
426,Trstram,Rubenovic,trubenovicbt@tripadvisor.com,Non-binary,45.238.167.175
427,Malachi,Siddle,msiddlebu@ebay.co.uk,Male,142.236.36.233
428,Tracey,Tague,ttaguebv@1688.com,Female,104.58.184.93
429,Carmelita,Geeraert,cgeeraertbw@webmd.com,Female,89.228.89.87
430,Eb,McClintock,emcclintockbx@wufoo.com,Male,198.218.73.98
431,Chucho,Bygreaves,cbygreavesby@printfriendly.com,Male,169.107.81.221
432,Giulia,Kellaway,gkellawaybz@microsoft.com,Bigender,234.207.157.5
433,Nomi,Barstock,nbarstockc0@taobao.com,Female,222.48.114.155
434,Roger,Boal,rboalc1@squidoo.com,Male,207.202.17.105
435,Alix,Maffione,amaffionec2@networksolutions.com,Male,189.229.95.84
436,Hope,Georgeson,hgeorgesonc3@jalbum.net,Female,19.87.242.189
437,Vachel,Ghidetti,vghidettic4@cocolog-nifty.com,Male,102.241.86.95
438,Anya,Alvey,aalveyc5@deliciousdays.com,Female,38.62.64.174
439,Cassie,Ownsworth,cownsworthc6@yahoo.co.jp,Female,76.73.248.180
440,Alyosha,Cornwall,acornwallc7@google.nl,Male,49.203.240.17
441,Nicolas,Maypes,nmaypesc8@gnu.org,Male,2.65.41.166
442,Jarred,De Ambrosis,jdeambrosisc9@macromedia.com,Genderqueer,79.29.131.58
443,Ferguson,Frensch,ffrenschca@army.mil,Male,246.6.244.177
444,Alfredo,Walthall,awalthallcb@engadget.com,Male,230.141.190.44
445,Winny,Crannis,wcranniscc@fotki.com,Male,220.156.96.77
446,Brooks,Balfour,bbalfourcd@liveinternet.ru,Female,120.202.185.21
447,Hillyer,Ogden,hogdence@icio.us,Male,138.200.44.65
448,Garnet,Cordy,gcordycf@un.org,Female,238.147.173.90
449,Tadeas,Zannini,tzanninicg@moonfruit.com,Male,211.111.252.212
450,Adham,Egre,aegrech@nationalgeographic.com,Male,27.114.179.232
451,Kristi,Stenton,kstentonci@newsvine.com,Agender,101.3.230.231
452,George,Arend,garendcj@dell.com,Male,98.15.253.44
453,Sherlocke,Allaway,sallawayck@google.com.br,Male,110.160.247.52
454,Corbie,Fernez,cfernezcl@51.la,Male,196.100.24.233
455,Kathlin,McKnockiter,kmcknockitercm@google.fr,Female,61.48.119.92
456,Elsi,Farreil,efarreilcn@fc2.com,Female,232.85.221.102
457,Arty,Duigenan,aduigenanco@baidu.com,Agender,160.153.89.5
458,Jessi,Dallander,jdallandercp@wordpress.com,Genderfluid,122.155.67.162
459,Rosalynd,Willeman,rwillemancq@newyorker.com,Female,7.21.135.35
460,Ermengarde,Stranks,estrankscr@tumblr.com,Female,194.128.8.10
461,Esmaria,Zotto,ezottocs@marketwatch.com,Female,113.33.232.49
462,Nikolaus,Skeffington,nskeffingtonct@vk.com,Male,190.35.177.160
463,Reider,Winpenny,rwinpennycu@merriam-webster.com,Male,132.27.14.115
464,Yetty,Martinuzzi,ymartinuzzicv@youtu.be,Female,97.112.230.72
465,Yolanthe,Durno,ydurnocw@blog.com,Female,26.83.214.78
466,Elton,Gouldthorpe,egouldthorpecx@altervista.org,Male,113.115.154.41
467,Fredek,Redferne,fredfernecy@nyu.edu,Male,188.153.107.166
468,Ralina,Lumsdall,rlumsdallcz@loc.gov,Female,40.133.217.182
469,Jaimie,Lingner,jlingnerd0@chron.com,Male,99.224.103.3
470,Jess,Braybrooke,jbraybrooked1@fastcompany.com,Non-binary,113.8.113.51
471,Freida,Grund,fgrundd2@xinhuanet.com,Female,208.228.165.243
472,Ruddie,Spickett,rspickettd3@gizmodo.com,Male,142.79.180.149
473,Barret,Neame,bneamed4@home.pl,Male,218.4.96.70
474,Vitia,Muckart,vmuckartd5@ycombinator.com,Female,36.93.249.252
475,Spencer,Scowcraft,sscowcraftd6@ucoz.ru,Male,246.85.71.201
476,Demeter,McHenry,dmchenryd7@virginia.edu,Female,111.233.11.231
477,Janifer,O'Donnell,jodonnelld8@mail.ru,Female,133.41.13.178
478,Giselle,Boliver,gboliverd9@symantec.com,Female,19.104.232.78
479,Cecile,Linkie,clinkieda@deliciousdays.com,Genderqueer,71.139.7.255
480,Iris,Caveney,icaveneydb@ebay.com,Female,0.31.33.143
481,Henrik,Varley,hvarleydc@behance.net,Male,11.159.164.129
482,Morry,Blackmoor,mblackmoordd@geocities.com,Male,18.145.73.132
483,Miles,Kilbride,mkilbridede@indiatimes.com,Male,87.16.191.144
484,Denny,Hardy-Piggin,dhardypiggindf@scientificamerican.com,Male,9.161.124.176
485,Creighton,Layzell,clayzelldg@google.ru,Male,3.80.43.58
486,Melania,Stelfox,mstelfoxdh@home.pl,Female,156.71.7.77
487,Glenn,Isaak,gisaakdi@gmpg.org,Polygender,191.134.67.201
488,Rora,Gerring,rgerringdj@wired.com,Female,99.148.118.151
489,Christoper,Compson,ccompsondk@usatoday.com,Male,8.100.153.84
490,Barron,Stockbridge,bstockbridgedl@amazon.co.jp,Male,29.228.43.125
491,Binky,Knyvett,bknyvettdm@examiner.com,Male,44.142.249.94
492,Derron,Jeynes,djeynesdn@mapy.cz,Genderfluid,26.47.152.205
493,Tomas,Swallow,tswallowdo@bbb.org,Male,181.98.114.243
494,Maddie,Habergham,mhaberghamdp@reference.com,Genderqueer,146.247.94.167
495,Diandra,Golthorpp,dgolthorppdq@skyrock.com,Genderqueer,24.88.71.17
496,Ody,Mousley,omousleydr@miibeian.gov.cn,Male,48.181.103.65
497,Hubey,Meller,hmellerds@exblog.jp,Male,168.64.133.135
498,Levy,Fike,lfikedt@telegraph.co.uk,Genderfluid,27.175.238.119
499,Rici,Bromehed,rbromeheddu@si.edu,Female,183.89.67.162
500,Lyndell,Duquesnay,lduquesnaydv@npr.org,Female,79.243.252.211
501,Theresita,Bolstridge,tbolstridgedw@xinhuanet.com,Female,60.197.3.194
502,Connie,Rubenovic,crubenovicdx@google.com.br,Female,86.42.105.251
503,Alleen,Van Niekerk,avanniekerkdy@weibo.com,Non-binary,187.28.41.80
504,Grenville,Mouse,gmousedz@youtube.com,Male,37.8.173.217
505,Morly,Murcutt,mmurcutte0@sciencedirect.com,Male,27.243.3.241
506,Cecily,Zimek,czimeke1@mac.com,Female,110.182.62.250
507,Jilly,Forsyde,jforsydee2@nationalgeographic.com,Female,2.216.18.125
508,Edita,Simeoni,esimeonie3@pagesperso-orange.fr,Female,138.91.165.44
509,Fanechka,Castillou,fcastilloue4@mediafire.com,Female,35.211.106.152
510,Hammad,Bierman,hbiermane5@mapy.cz,Male,186.78.203.207
511,Merv,O'Shaughnessy,moshaughnessye6@jiathis.com,Male,224.122.196.234
512,Francklin,Dorrance,fdorrancee7@usatoday.com,Male,55.169.58.15
513,Niko,Tropman,ntropmane8@vk.com,Male,213.193.104.0
514,Gan,Wodham,gwodhame9@naver.com,Male,224.30.107.30
515,Noe,Janko,njankoea@cdbaby.com,Male,203.244.149.221
516,Agna,Beslier,abesliereb@aol.com,Female,217.221.41.144
517,Meryl,Ivens,mivensec@tuttocitta.it,Female,15.216.6.146
518,Sandye,Bagenal,sbagenaled@youtu.be,Female,105.144.13.178
519,Etti,Hartman,ehartmanee@tumblr.com,Female,197.212.20.49
520,Stanislaus,Caldicot,scaldicotef@friendfeed.com,Male,135.243.163.147
521,Nerty,Hazeldene,nhazeldeneeg@umich.edu,Female,112.47.21.233
522,Rodrique,Larrington,rlarringtoneh@hao123.com,Male,38.30.39.240
523,Allis,Leyninye,aleyninyeei@youtube.com,Female,159.232.55.115
524,Mae,Gray,mgrayej@shareasale.com,Female,236.189.132.124
525,Ewan,Craddy,ecraddyek@purevolume.com,Male,45.26.177.124
526,Kerby,Choules,kchoulesel@issuu.com,Male,147.65.38.74
527,Cathi,Marxsen,cmarxsenem@wordpress.org,Female,65.134.82.74
528,Janey,Meadus,jmeadusen@uol.com.br,Female,23.221.30.204
529,Garvey,Burdis,gburdiseo@netscape.com,Male,107.152.164.210
530,Maryrose,Newis,mnewisep@seesaa.net,Female,55.118.42.122
531,Yankee,Vagges,yvaggeseq@house.gov,Male,8.27.88.121
532,Umberto,Lourens,ulourenser@umich.edu,Male,195.94.242.9
533,Margi,Winterbotham,mwinterbothames@squarespace.com,Female,183.94.45.246
534,Brittni,Bloss,bblosset@scribd.com,Female,64.255.204.64
535,Glen,Woollacott,gwoollacotteu@netlog.com,Female,54.9.20.75
536,Mahmoud,Malecky,mmaleckyev@bing.com,Male,182.125.162.76
537,Rhianna,Watling,rwatlingew@washingtonpost.com,Female,180.22.250.195
538,Cristabel,Wareham,cwarehamex@hugedomains.com,Female,93.123.255.10
539,Daryl,January 1st,djanuarystey@ihg.com,Male,132.84.104.148
540,Evaleen,Fowls,efowlsez@google.com,Female,194.34.172.96
541,Marve,Fiennes,mfiennesf0@ucoz.com,Male,193.173.90.158
542,Viviana,Iffland,vifflandf1@nbcnews.com,Female,200.15.27.182
543,Moll,Dabner,mdabnerf2@google.com,Female,87.84.78.94
544,Grayce,Hudspeth,ghudspethf3@ucoz.ru,Female,159.62.207.224
545,Dorothee,Gardener,dgardenerf4@google.cn,Female,134.40.147.240
546,Waneta,Johnstone,wjohnstonef5@google.com.br,Female,55.228.184.190
547,Fayette,Tripney,ftripneyf6@samsung.com,Female,138.103.202.45
548,Asher,Astbury,aastburyf7@seesaa.net,Male,149.10.24.200
549,Spike,Filpi,sfilpif8@google.ru,Male,36.81.19.223
550,Odie,Attryde,oattrydef9@networkadvertising.org,Male,67.139.34.109
551,Yuri,Ovize,yovizefa@ucoz.com,Male,23.24.65.55
552,Marcille,Dearle-Palser,mdearlepalserfb@nasa.gov,Female,94.128.255.59
553,Darcey,Seegar,dseegarfc@trellian.com,Female,56.249.7.31
554,Keefer,Lockett,klockettfd@techcrunch.com,Male,129.101.127.196
555,Ebony,Gellier,egellierfe@weibo.com,Female,176.247.35.232
556,Russell,Bertin,rbertinff@skype.com,Polygender,46.93.139.115
557,Chicky,Gearty,cgeartyfg@ucoz.com,Male,70.231.61.134
558,Mara,Suero,msuerofh@artisteer.com,Female,252.53.246.84
559,Fara,O'Hickee,fohickeefi@dropbox.com,Female,116.151.210.159
560,Gaelan,Joselin,gjoselinfj@mac.com,Male,233.53.207.44
561,Archie,Eloi,aeloifk@hugedomains.com,Genderqueer,231.237.110.29
562,Shannen,Tinan,stinanfl@army.mil,Bigender,178.121.202.36
563,Ty,Brailey,tbraileyfm@google.com.au,Male,252.122.141.29
564,Margi,Crosthwaite,mcrosthwaitefn@topsy.com,Female,200.94.69.118
565,Aurelea,Pallent,apallentfo@aboutads.info,Female,94.156.94.3
566,Lanni,Giddens,lgiddensfp@jugem.jp,Female,18.152.61.218
567,Allie,Sawney,asawneyfq@topsy.com,Female,212.175.192.161
568,Ewan,Espadas,eespadasfr@bloomberg.com,Male,241.67.101.201
569,Adolphe,Churchward,achurchwardfs@state.tx.us,Bigender,180.219.190.107
570,Hildegarde,Burehill,hburehillft@clickbank.net,Female,34.136.254.115
571,Marys,Zuppa,mzuppafu@forbes.com,Female,161.230.137.233
572,Della,Rudderham,drudderhamfv@eepurl.com,Female,3.58.247.45
573,Janeczka,Budleigh,jbudleighfw@dmoz.org,Female,128.18.200.246
574,Elisha,Michurin,emichurinfx@aol.com,Female,106.81.218.10
575,Vittoria,Fulop,vfulopfy@imgur.com,Female,37.104.77.4
576,Louisa,Pickerill,lpickerillfz@baidu.com,Female,171.9.124.247
577,Sandor,Isgate,sisgateg0@bbc.co.uk,Male,125.152.66.198
578,Rubina,Forryan,rforryang1@ovh.net,Female,188.191.127.33
579,Bancroft,Chansonnau,bchansonnaug2@goo.ne.jp,Genderfluid,197.41.180.117
580,Arch,Hourican,ahouricang3@umn.edu,Male,38.160.89.4
581,Anna,Blackwell,ablackwellg4@arizona.edu,Female,206.231.228.76
582,Fields,Foyster,ffoysterg5@addtoany.com,Male,182.46.78.36
583,Durand,Duny,ddunyg6@joomla.org,Male,128.130.13.146
584,Gray,Swadlinge,gswadlingeg7@seattletimes.com,Female,132.250.229.171
585,Alisha,Swindells,aswindellsg8@netvibes.com,Female,132.173.78.17
586,Maria,Gethen,mgetheng9@theglobeandmail.com,Female,68.122.117.218
587,Clevey,Wenzel,cwenzelga@google.ru,Male,80.207.62.245
588,Adara,Jedrachowicz,ajedrachowiczgb@amazon.de,Genderqueer,121.249.82.111
589,Roderic,Leile,rleilegc@google.nl,Male,159.132.104.130
590,Dannel,Cancott,dcancottgd@prweb.com,Male,91.142.45.209
591,Gaylor,Bayldon,gbayldonge@hibu.com,Male,159.245.134.58
592,Bern,Goodayle,bgoodaylegf@1688.com,Male,145.59.126.169
593,Chrysler,Southby,csouthbygg@booking.com,Female,242.86.201.19
594,Base,Benford,bbenfordgh@google.es,Male,170.216.152.62
595,Irvin,Morfield,imorfieldgi@nytimes.com,Male,108.198.111.22
596,Quentin,Cluitt,qcluittgj@ow.ly,Female,154.99.137.92
597,Cindra,Janak,cjanakgk@paypal.com,Female,181.245.192.148
598,Row,Douris,rdourisgl@yellowbook.com,Female,50.125.92.206
599,Audre,Attenbrough,aattenbroughgm@washington.edu,Female,54.111.50.158
600,Dacie,Tallquist,dtallquistgn@guardian.co.uk,Female,188.37.86.128
601,Ingrid,Ayllett,iayllettgo@cnn.com,Female,13.240.122.127
602,Caril,Beardsdale,cbeardsdalegp@wordpress.org,Female,159.94.207.110
603,Mable,Heinreich,mheinreichgq@jiathis.com,Female,197.226.235.243
604,Panchito,Blakelock,pblakelockgr@cnbc.com,Male,24.18.22.1
605,Ethelind,Andrin,eandrings@umich.edu,Female,229.107.52.167
606,Phylis,Wasselin,pwasselingt@is.gd,Female,0.132.217.23
607,Dominica,Moggan,dmoggangu@google.pl,Female,174.56.18.24
608,Elaine,Snoxill,esnoxillgv@foxnews.com,Female,230.251.198.94
609,Grove,Ewington,gewingtongw@weebly.com,Male,75.104.205.207
610,Muffin,Mattaus,mmattausgx@admin.ch,Male,0.39.219.116
611,Mira,Lanning,mlanninggy@twitter.com,Female,125.9.21.37
612,Nancee,Treagus,ntreagusgz@ezinearticles.com,Female,179.26.158.148
613,Fred,Justis,fjustish0@ftc.gov,Female,40.43.5.153
614,Tory,Moulden,tmouldenh1@drupal.org,Agender,228.44.35.205
615,Lewiss,Ashington,lashingtonh2@google.cn,Male,199.127.244.126
616,Martyn,Levitt,mlevitth3@nymag.com,Bigender,155.112.163.108
617,Daryl,Szymaniak,dszymaniakh4@spiegel.de,Female,23.17.41.212
618,Silas,Test,stesth5@imageshack.us,Male,230.48.229.29
619,Amandi,Southwick,asouthwickh6@ehow.com,Female,41.62.165.44
620,Austen,Yarr,ayarrh7@reddit.com,Male,87.27.60.167
621,Sheila-kathryn,Jest,sjesth8@wufoo.com,Female,58.140.89.154
622,Abbi,Atthowe,aatthoweh9@networkadvertising.org,Female,97.178.208.40
623,Joni,Heasly,jheaslyha@uiuc.edu,Female,94.146.81.252
624,Derby,Juris,djurishb@craigslist.org,Male,167.210.137.114
625,Delcina,Zecchi,dzecchihc@sourceforge.net,Polygender,159.62.152.83
626,Teri,Turley,tturleyhd@narod.ru,Female,173.85.62.66
627,Zacharias,Englishby,zenglishbyhe@typepad.com,Male,101.205.10.203
628,Emmott,Hammonds,ehammondshf@va.gov,Male,227.129.249.215
629,Elicia,Elsey,eelseyhg@tumblr.com,Female,202.85.183.121
630,Dewain,Midghall,dmidghallhh@harvard.edu,Male,218.166.165.151
631,Elene,Ciccotto,eciccottohi@dyndns.org,Female,158.174.14.180
632,Reinhold,Gouly,rgoulyhj@wisc.edu,Male,129.219.17.136
633,Lanie,Pascall,lpascallhk@sohu.com,Agender,120.54.164.70
634,Adey,Gash,agashhl@linkedin.com,Female,144.98.173.217
635,Pearline,Kwietak,pkwietakhm@marketwatch.com,Genderfluid,67.186.133.87
636,Raven,Shuker,rshukerhn@businessweek.com,Female,29.58.223.166
637,Paulette,Scurry,pscurryho@domainmarket.com,Female,45.170.111.185
638,Adelice,Grewer,agrewerhp@rakuten.co.jp,Female,88.63.34.56
639,Emerson,Biddleston,ebiddlestonhq@addthis.com,Genderfluid,115.97.126.241
640,Shea,Anning,sanninghr@vistaprint.com,Male,131.184.88.34
641,Dena,Sempill,dsempillhs@nyu.edu,Female,44.205.127.80
642,Samuel,Frostdyke,sfrostdykeht@cnn.com,Male,104.113.74.112
643,Nikolia,Dimitriou,ndimitriouhu@icio.us,Female,238.23.114.175
644,Adena,Merrgan,amerrganhv@nyu.edu,Polygender,169.247.87.166
645,Jasen,Dodamead,jdodameadhw@ftc.gov,Male,6.58.207.159
646,Genevra,Goskar,ggoskarhx@ft.com,Non-binary,13.71.37.243
647,Reynard,Pollok,rpollokhy@abc.net.au,Male,35.45.137.5
648,Marthena,Groveham,mgrovehamhz@nps.gov,Female,224.236.3.13
649,Vitoria,De Carteret,vdecartereti0@flavors.me,Genderqueer,141.170.174.188
650,Kyle,Neubigin,kneubigini1@vistaprint.com,Female,57.37.159.94
651,Eleonora,Ferrea,eferreai2@51.la,Female,194.149.148.121
652,Cameron,Ferrieri,cferrierii3@nytimes.com,Male,213.189.51.253
653,Bill,Arent,barenti4@java.com,Female,177.11.104.117
654,Feodor,Canet,fcaneti5@discovery.com,Polygender,238.72.108.212
655,Ad,Spiers,aspiersi6@omniture.com,Male,226.249.125.191
656,Ludvig,Benitez,lbenitezi7@nytimes.com,Male,231.75.246.108
657,Alistair,Antoniak,aantoniaki8@posterous.com,Non-binary,244.160.207.137
658,Marjy,Smurthwaite,msmurthwaitei9@cbsnews.com,Female,178.159.160.196
659,Ashia,O'Connel,aoconnelia@qq.com,Female,65.193.30.129
660,Codee,Skinner,cskinnerib@tripadvisor.com,Female,232.154.49.62
661,Marie-jeanne,Barcke,mbarckeic@examiner.com,Female,161.164.196.91
662,Angelina,Zamorano,azamoranoid@accuweather.com,Female,109.53.254.172
663,Marilee,Lansberry,mlansberryie@boston.com,Female,36.94.226.19
664,Waldemar,Shelp,wshelpif@nih.gov,Male,118.247.117.98
665,Etheline,Dodsworth,edodsworthig@parallels.com,Female,197.134.32.177
666,Jefferey,Omond,jomondih@linkedin.com,Male,154.7.240.202
667,Billye,Cluett,bcluettii@seesaa.net,Female,29.252.193.235
668,Amara,Popelay,apopelayij@reddit.com,Genderfluid,173.191.229.102
669,Ricky,Brumwell,rbrumwellik@google.de,Male,134.154.207.69
670,Mira,Tunnah,mtunnahil@virginia.edu,Female,110.180.65.176
671,Xymenes,Paramor,xparamorim@chronoengine.com,Male,4.123.252.80
672,Clayson,Pudsall,cpudsallin@symantec.com,Male,208.80.210.172
673,Teresina,Fitzroy,tfitzroyio@jigsy.com,Female,116.231.181.6
674,Pavlov,Beushaw,pbeushawip@de.vu,Male,194.149.83.239
675,Philomena,Skellon,pskelloniq@csmonitor.com,Female,63.96.164.255
676,Nappy,O'Dreain,nodreainir@mac.com,Male,13.103.73.255
677,Constantin,Labitt,clabittis@ed.gov,Male,8.44.220.108
678,Grantley,Woolmer,gwoolmerit@chronoengine.com,Male,144.229.179.123
679,Winny,Ayshford,wayshfordiu@posterous.com,Male,246.114.30.172
680,Zita,Terne,zterneiv@blinklist.com,Genderqueer,169.134.135.43
681,Catina,Terrell,cterrelliw@noaa.gov,Genderqueer,225.219.118.220
682,Leoline,Overstreet,loverstreetix@discuz.net,Female,37.229.202.135
683,Neddy,Brearton,nbreartoniy@a8.net,Polygender,17.64.185.42
684,Johnnie,Grastye,jgrastyeiz@geocities.jp,Male,223.62.124.63
685,Xerxes,Brooksby,xbrooksbyj0@dyndns.org,Male,161.92.91.31
686,Lanita,Itzhaki,litzhakij1@hud.gov,Female,138.172.140.102
687,Thornton,Fenby,tfenbyj2@marriott.com,Male,171.225.17.20
688,Florie,Gors,fgorsj3@networksolutions.com,Female,230.0.50.96
689,Anette,Bridgement,abridgementj4@dagondesign.com,Polygender,0.11.86.163
690,Debee,Lamblot,dlamblotj5@diigo.com,Female,131.201.196.166
691,Lennie,Cunniam,lcunniamj6@tumblr.com,Male,35.36.15.61
692,Geno,Sissens,gsissensj7@fotki.com,Male,151.126.76.165
693,Kerry,Jesper,kjesperj8@intel.com,Male,255.209.214.167
694,Wolfgang,Tarbox,wtarboxj9@virginia.edu,Male,210.35.103.77
695,Denys,Rounds,droundsja@themeforest.net,Male,229.44.115.136
696,Cyndie,Vint,cvintjb@parallels.com,Female,147.35.95.224
697,Happy,Spuner,hspunerjc@about.com,Female,128.1.84.133
698,Christoffer,Clack,cclackjd@icio.us,Male,163.151.150.98
699,Rosalynd,Dener,rdenerje@geocities.com,Female,132.2.133.137
700,Aloysius,Rosengren,arosengrenjf@marriott.com,Male,175.164.191.0
701,Abagael,Grogan,agroganjg@businesswire.com,Female,70.253.2.8
702,Dulce,Wildgoose,dwildgoosejh@ebay.co.uk,Female,134.134.201.16
703,Sherill,Gainsborough,sgainsboroughji@who.int,Female,1.190.172.53
704,Shauna,Iffland,sifflandjj@accuweather.com,Female,234.109.16.227
705,Ariela,Okenden,aokendenjk@nyu.edu,Female,146.171.5.144
706,Monte,Fidock,mfidockjl@redcross.org,Polygender,159.138.4.104
707,Evered,Garvin,egarvinjm@cbc.ca,Male,156.41.173.35
708,Tamar,Balsom,tbalsomjn@storify.com,Female,242.179.104.87
709,Mag,Wollacott,mwollacottjo@howstuffworks.com,Female,123.136.231.117
710,Hollie,Boame,hboamejp@ihg.com,Female,160.189.242.120
711,Eldon,Mangeney,emangeneyjq@time.com,Male,172.255.188.190
712,Diarmid,Tulley,dtulleyjr@t.co,Male,123.90.144.41
713,Riordan,Licciardi,rlicciardijs@parallels.com,Male,181.186.243.113
714,Irwinn,Cassidy,icassidyjt@earthlink.net,Male,216.185.1.148
715,Margaux,Aberhart,maberhartju@amazon.co.uk,Female,192.90.120.172
716,Oralle,Wims,owimsjv@myspace.com,Female,21.188.91.26
717,Nell,Dametti,ndamettijw@ezinearticles.com,Female,147.203.114.87
718,Goldina,Mitchel,gmitcheljx@symantec.com,Female,192.109.96.211
719,Charmion,Carrodus,ccarrodusjy@mit.edu,Female,2.4.206.88
720,Nikolai,Drage,ndragejz@cyberchimps.com,Male,233.19.47.176
721,Rudyard,Zannetti,rzannettik0@sciencedaily.com,Male,89.152.106.60
722,Gerianne,Giuron,ggiuronk1@dedecms.com,Non-binary,114.211.65.200
723,Ella,Hierro,ehierrok2@ovh.net,Female,198.254.49.228
724,Meridel,Cuncliffe,mcuncliffek3@ft.com,Female,129.189.155.210
725,Clementine,Wicklin,cwicklink4@furl.net,Female,236.229.230.23
726,Putnam,Culver,pculverk5@bloglovin.com,Male,51.144.78.167
727,Corbin,Benza,cbenzak6@wikispaces.com,Male,21.57.230.26
728,Brynne,Broadbere,bbroadberek7@unesco.org,Female,6.42.91.101
729,Wolfgang,Landrick,wlandrickk8@who.int,Male,36.1.22.145
730,Stephan,Ginglell,sginglellk9@jigsy.com,Male,75.102.54.96
731,Etan,Moneypenny,emoneypennyka@nih.gov,Male,51.142.192.167
732,Gwennie,Donne,gdonnekb@intel.com,Female,87.32.108.24
733,Minor,Beat,mbeatkc@exblog.jp,Male,226.117.96.157
734,Bobbe,Letty,blettykd@reddit.com,Female,193.176.85.227
735,Sigmund,Upchurch,supchurchke@themeforest.net,Male,38.194.9.173
736,Star,Juster,sjusterkf@e-recht24.de,Female,31.155.49.52
737,Pennie,Levermore,plevermorekg@nature.com,Female,60.65.183.24
738,Nikolai,Pelling,npellingkh@disqus.com,Male,167.213.158.139
739,Asia,Chinery,achineryki@ed.gov,Female,152.182.31.148
740,Les,Davidof,ldavidofkj@smh.com.au,Polygender,157.56.199.236
741,Ramona,Bladen,rbladenkk@e-recht24.de,Polygender,62.238.160.180
742,Stephanus,Doy,sdoykl@ezinearticles.com,Non-binary,21.250.216.209
743,Giselbert,Hunstone,ghunstonekm@army.mil,Male,146.239.78.127
744,Erminia,Dillingston,edillingstonkn@mysql.com,Female,22.82.2.74
745,Gerty,Joist,gjoistko@redcross.org,Female,43.132.118.120
746,Addie,Gorman,agormankp@edublogs.org,Female,210.144.63.239
747,Sybila,Wilcocks,swilcockskq@utexas.edu,Female,206.158.173.25
748,Hayley,Minmagh,hminmaghkr@ucoz.com,Female,97.25.103.200
749,Web,Brereton,wbreretonks@discuz.net,Male,55.26.46.142
750,Blanca,Pattie,bpattiekt@hp.com,Female,12.255.140.34
751,Ceciley,Reuble,creubleku@webs.com,Female,55.216.11.47
752,Hyacinthie,Petrichat,hpetrichatkv@infoseek.co.jp,Female,34.57.169.183
753,Diandra,Raddish,draddishkw@time.com,Female,163.65.252.164
754,Powell,Cristofaro,pcristofarokx@nbcnews.com,Male,199.189.189.187
755,Kass,Dallman,kdallmanky@irs.gov,Polygender,186.109.144.191
756,Cord,Mowsdale,cmowsdalekz@timesonline.co.uk,Male,78.204.103.51
757,Faydra,Harcase,fharcasel0@ft.com,Female,136.101.161.26
758,Jarid,Ranshaw,jranshawl1@icio.us,Male,79.203.218.207
759,Camel,Booton,cbootonl2@ox.ac.uk,Female,106.79.79.53
760,Tadeo,Gumley,tgumleyl3@360.cn,Male,75.110.84.146
761,Blair,Pellman,bpellmanl4@dion.ne.jp,Male,232.212.8.3
762,Karlene,Mooney,kmooneyl5@soup.io,Female,60.178.39.227
763,Kearney,Danielsky,kdanielskyl6@blogspot.com,Male,172.92.183.165
764,Lynnea,Casali,lcasalil7@huffingtonpost.com,Female,66.167.167.72
765,Gianna,Yanuk,gyanukl8@sun.com,Female,78.97.144.168
766,Kerk,Fellnee,kfellneel9@imageshack.us,Male,255.202.202.181
767,Brunhilda,Avrahamian,bavrahamianla@bravesites.com,Female,55.158.228.139
768,Bamby,Marjanovic,bmarjanoviclb@pcworld.com,Female,217.211.85.67
769,Gae,June,gjunelc@foxnews.com,Female,228.185.217.248
770,Desmond,Giamo,dgiamold@i2i.jp,Male,41.131.230.85
771,Holt,Greguoli,hgreguolile@wp.com,Male,12.53.64.168
772,Cad,Flanigan,cflaniganlf@cocolog-nifty.com,Male,196.166.23.177
773,Trevor,Felix,tfelixlg@umn.edu,Male,104.1.62.134
774,Frankie,Byles,fbyleslh@virginia.edu,Non-binary,197.80.186.195
775,Garwin,Gridon,ggridonli@nasa.gov,Male,49.73.95.12
776,Cheston,Dibbert,cdibbertlj@upenn.edu,Male,42.161.56.139
777,Addie,Jorez,ajorezlk@free.fr,Female,179.67.156.194
778,Cris,Grgic,cgrgicll@creativecommons.org,Non-binary,84.28.142.110
779,Florian,Sawney,fsawneylm@theguardian.com,Male,223.215.210.137
780,Maurizio,Trotman,mtrotmanln@amazon.de,Male,181.49.171.10
781,Ana,Danit,adanitlo@tripod.com,Female,218.221.158.70
782,Alfred,Arger,aargerlp@quantcast.com,Polygender,178.252.67.57
783,Morley,McClements,mmcclementslq@seesaa.net,Male,43.144.68.173
784,Shayne,Rastrick,srastricklr@ucla.edu,Male,254.239.176.125
785,Sholom,Hugett,shugettls@upenn.edu,Male,87.211.91.196
786,Alessandra,Dobinson,adobinsonlt@archive.org,Female,92.103.170.133
787,Cristen,Cratchley,ccratchleylu@google.ru,Female,165.199.255.137
788,Torr,Dunlop,tdunloplv@whitehouse.gov,Male,248.50.50.109
789,Demetre,Cashford,dcashfordlw@vimeo.com,Male,123.147.189.245
790,Joletta,Savege,jsavegelx@printfriendly.com,Genderfluid,80.50.227.103
791,Ravi,Ravens,rravensly@jiathis.com,Male,9.237.220.247
792,Madonna,Densell,mdenselllz@freewebs.com,Female,121.116.219.95
793,Veronika,Van der Daal,vvanderdaalm0@hexun.com,Agender,234.22.216.120
794,Tania,Musgrove,tmusgrovem1@un.org,Female,147.31.86.144
795,Roger,Polhill,rpolhillm2@facebook.com,Male,223.111.37.40
796,Guss,Albrecht,galbrechtm3@discuz.net,Male,25.30.167.77
797,Savina,D'Ruel,sdruelm4@unblog.fr,Female,22.153.186.53
798,Daniele,Alyokhin,dalyokhinm5@ed.gov,Female,241.199.158.118
799,Hodge,Greguoli,hgreguolim6@google.cn,Male,143.144.55.247
800,Natasha,Hartfield,nhartfieldm7@intel.com,Female,172.240.63.76
801,Nolly,Prine,nprinem8@constantcontact.com,Male,120.167.117.174
802,Dale,Rosendall,drosendallm9@wiley.com,Male,136.76.36.216
803,Tamqrah,Sizland,tsizlandma@go.com,Female,5.78.8.36
804,Haskel,Peaden,hpeadenmb@histats.com,Male,119.0.35.141
805,Monah,Iacobacci,miacobaccimc@pagesperso-orange.fr,Female,59.247.217.197
806,Kristos,Thorrington,kthorringtonmd@deviantart.com,Bigender,44.227.199.62
807,Maynord,Tuckie,mtuckieme@fc2.com,Male,106.208.214.136
808,Lois,Petersen,lpetersenmf@redcross.org,Non-binary,0.81.88.8
809,Barbe,Hugnet,bhugnetmg@aol.com,Female,47.208.35.157
810,Shermie,Haster,shastermh@nbcnews.com,Male,251.208.51.206
811,Mellicent,Pickover,mpickovermi@nytimes.com,Female,107.148.37.88
812,Cloe,Matus,cmatusmj@europa.eu,Female,6.57.24.147
813,Johnny,O'Hartagan,johartaganmk@diigo.com,Non-binary,28.144.103.43
814,Vally,Giggs,vgiggsml@nsw.gov.au,Female,178.73.101.147
815,Rubia,Guite,rguitemm@yandex.ru,Female,80.214.199.237
816,Oliy,Zarfat,ozarfatmn@privacy.gov.au,Female,158.26.121.114
817,Emmie,Laherty,elahertymo@army.mil,Female,77.52.55.76
818,Emanuel,Splain,esplainmp@webeden.co.uk,Male,224.3.160.25
819,Gratiana,Pendre,gpendremq@vistaprint.com,Female,13.153.95.253
820,Harry,Pennicard,hpennicardmr@blogger.com,Male,192.56.63.176
821,Orazio,Atwell,oatwellms@nasa.gov,Non-binary,243.187.29.77
822,Eadmund,Disbrey,edisbreymt@mapy.cz,Male,212.193.191.27
823,Quintus,Gaskall,qgaskallmu@amazon.co.jp,Male,215.222.176.198
824,Faulkner,Deware,fdewaremv@1688.com,Male,126.16.190.203
825,Godiva,Devin,gdevinmw@mashable.com,Genderqueer,7.211.113.19
826,Elga,Wroughton,ewroughtonmx@wix.com,Female,80.97.207.243
827,Harwilll,Glasscoo,hglasscoomy@twitpic.com,Male,178.232.239.126
828,Phillie,Hiscocks,phiscocksmz@behance.net,Female,254.242.231.149
829,Sherwynd,Tinston,stinstonn0@ezinearticles.com,Male,186.161.181.55
830,Yulma,Mackin,ymackinn1@jiathis.com,Male,102.175.28.21
831,Finlay,Atterbury,fatterburyn2@creativecommons.org,Male,168.78.133.111
832,Dniren,Nelthrop,dnelthropn3@ebay.com,Female,18.120.157.78
833,Shanon,Goney,sgoneyn4@home.pl,Female,194.100.210.35
834,Kelsey,Chadwyck,kchadwyckn5@chronoengine.com,Polygender,90.241.234.105
835,Kele,Izzatt,kizzattn6@ifeng.com,Male,143.184.200.211
836,Lydon,Poles,lpolesn7@studiopress.com,Male,26.134.136.4
837,Pepi,Glaisner,pglaisnern8@who.int,Female,135.142.159.71
838,Antonietta,Fontell,afontelln9@bluehost.com,Female,68.142.186.200
839,Audrey,Gear,agearna@springer.com,Female,68.188.194.142
840,Stanton,Berni,sberninb@addthis.com,Male,124.197.196.25
841,Delainey,Pring,dpringnc@theglobeandmail.com,Male,11.90.144.25
842,Chiquita,Abendroth,cabendrothnd@google.com.br,Female,29.55.59.207
843,Rollins,Lenthall,rlenthallne@kickstarter.com,Male,231.107.150.223
844,Felike,Poor,fpoornf@nps.gov,Male,2.89.182.106
845,Clemente,Lamp,clampng@photobucket.com,Male,44.160.6.65
846,Whitman,Milazzo,wmilazzonh@nytimes.com,Male,100.45.56.188
847,Idette,Legan,ileganni@nydailynews.com,Genderqueer,189.17.219.171
848,Godfry,Tromans,gtromansnj@pinterest.com,Male,0.175.43.176
849,Ezechiel,Lorey,eloreynk@addtoany.com,Male,35.80.99.61
850,Gerladina,Bampford,gbampfordnl@noaa.gov,Female,202.196.107.105
851,Chance,Chevin,cchevinnm@bizjournals.com,Male,3.185.134.87
852,Donnajean,Baglin,dbaglinnn@ebay.com,Female,103.93.130.106
853,Warden,Realph,wrealphno@bloglovin.com,Male,228.164.9.53
854,Clarice,Zmitrovich,czmitrovichnp@marketwatch.com,Genderfluid,180.50.54.30
855,Terrel,Hebburn,thebburnnq@nature.com,Male,92.240.94.92
856,Mirelle,Noonan,mnoonannr@lulu.com,Female,58.37.156.127
857,Natalie,Riccelli,nriccellins@google.co.jp,Non-binary,226.187.123.100
858,Claudian,Champkins,cchampkinsnt@usa.gov,Male,107.201.54.42
859,Alma,Kobke,akobkenu@flickr.com,Female,119.52.65.186
860,Foster,Pedwell,fpedwellnv@fda.gov,Male,252.140.148.137
861,Granger,Shatliff,gshatliffnw@creativecommons.org,Male,93.124.23.97
862,Corabella,McMillam,cmcmillamnx@noaa.gov,Female,251.35.157.30
863,Spenser,Sillett,ssillettny@timesonline.co.uk,Male,244.112.127.91
864,Charles,Descroix,cdescroixnz@google.ca,Male,17.215.117.72
865,Celisse,Noblet,cnobleto0@gravatar.com,Agender,205.69.49.77
866,Rene,Dederich,rdedericho1@mozilla.org,Male,97.148.174.186
867,Onofredo,McGuckin,omcguckino2@biblegateway.com,Male,109.92.164.191
868,Theadora,Sommerville,tsommervilleo3@i2i.jp,Female,82.6.89.165
869,Doro,Moakes,dmoakeso4@webnode.com,Genderqueer,139.241.62.20
870,Harry,Bills,hbillso5@un.org,Male,83.218.24.86
871,Caritta,Dartnell,cdartnello6@nps.gov,Female,157.36.82.208
872,Isis,Saph,isapho7@marriott.com,Female,16.4.79.242
873,Symon,Martina,smartinao8@alibaba.com,Male,29.103.54.118
874,Bethena,Gilbert,bgilberto9@de.vu,Female,215.127.95.187
875,Griff,Mulliss,gmullissoa@seesaa.net,Male,53.159.230.45
876,Chrisse,Parfett,cparfettob@weibo.com,Male,114.79.18.53
877,Melisandra,Bernet,mbernetoc@msu.edu,Non-binary,85.58.110.46
878,Savina,Jimeno,sjimenood@sciencedirect.com,Female,110.203.138.125
879,Torey,Idell,tidelloe@gmpg.org,Female,72.190.69.96
880,Juliet,Saywood,jsaywoodof@oracle.com,Genderqueer,32.138.35.162
881,Ashia,Derle,aderleog@bloglovin.com,Female,239.180.153.12
882,Hildegaard,Eckhard,heckhardoh@cnbc.com,Female,83.221.121.186
883,Shaine,Portt,sporttoi@imageshack.us,Non-binary,8.43.187.98
884,Toma,Cresar,tcresaroj@1688.com,Female,131.149.16.247
885,Baxie,Flacknell,bflacknellok@mapy.cz,Male,124.172.128.169
886,Tove,Conew,tconewol@ed.gov,Female,38.229.0.42
887,Bastian,Mulqueeny,bmulqueenyom@jiathis.com,Male,40.83.238.24
888,Glenn,Rummin,grumminon@biglobe.ne.jp,Male,39.49.121.125
889,Enrico,Kleeborn,ekleebornoo@latimes.com,Male,25.124.160.133
890,Leonhard,Harlow,lharlowop@nyu.edu,Male,135.133.78.223
891,Beale,Aulsford,baulsfordoq@nationalgeographic.com,Male,158.96.166.204
892,Patience,Ciraldo,pciraldoor@abc.net.au,Female,190.28.106.89
893,Simon,Buddleigh,sbuddleighos@utexas.edu,Male,19.81.51.189
894,Dre,Sydes,dsydesot@woothemes.com,Female,76.159.243.49
895,Irving,Thraves,ithravesou@forbes.com,Male,10.37.124.198
896,Bil,Treverton,btrevertonov@blogtalkradio.com,Male,87.61.255.237
897,Herc,Masdon,hmasdonow@sbwire.com,Male,11.139.136.187
898,Cleve,O'Quin,coquinox@google.ru,Male,118.157.6.6
899,Dorelia,Ingray,dingrayoy@goo.ne.jp,Female,4.243.116.38
900,Jill,Braybrooke,jbraybrookeoz@eepurl.com,Female,175.30.25.93
901,Valli,Malcolmson,vmalcolmsonp0@tripadvisor.com,Female,110.12.73.142
902,Jase,Pearmain,jpearmainp1@google.com.au,Male,57.160.23.7
903,Kaela,Orcott,korcottp2@meetup.com,Female,166.233.90.246
904,Peria,Perceval,ppercevalp3@businessinsider.com,Female,3.206.148.254
905,Rustin,Zarfai,rzarfaip4@aboutads.info,Male,241.226.16.230
906,Jody,Guppy,jguppyp5@comcast.net,Male,82.202.176.214
907,Thomasin,Cork,tcorkp6@naver.com,Female,239.94.215.242
908,Calypso,Opdenort,copdenortp7@sakura.ne.jp,Female,106.16.178.228
909,Karalynn,Broadist,kbroadistp8@hatena.ne.jp,Female,194.89.156.133
910,Nesta,Claxton,nclaxtonp9@geocities.jp,Female,34.205.229.0
911,Enrique,Mountain,emountainpa@abc.net.au,Male,157.63.188.77
912,Penny,Andriulis,pandriulispb@theatlantic.com,Female,64.60.139.157
913,Jarred,Sterman,jstermanpc@timesonline.co.uk,Male,174.248.45.220
914,Nicola,Dietzler,ndietzlerpd@salon.com,Agender,13.206.250.77
915,Elizabet,Guinery,eguinerype@mail.ru,Female,176.68.126.83
916,Boot,Cape,bcapepf@sbwire.com,Male,64.64.0.134
917,Cesare,Eppson,ceppsonpg@paypal.com,Male,248.197.251.192
918,Melly,Kelway,mkelwayph@cafepress.com,Polygender,230.21.48.99
919,Emerson,Ebbin,eebbinpi@google.com.br,Male,113.72.194.20
920,Worthington,McGeffen,wmcgeffenpj@scientificamerican.com,Male,187.64.15.206
921,Datha,Cornick,dcornickpk@omniture.com,Female,52.62.99.41
922,Alameda,Shakespeare,ashakespearepl@nba.com,Female,89.7.211.7
923,Frieda,Lampett,flampettpm@gravatar.com,Female,46.23.208.194
924,Hew,Cann,hcannpn@wsj.com,Genderqueer,160.217.178.219
925,Loella,Doey,ldoeypo@wunderground.com,Female,66.45.235.151
926,Hamlen,Cramphorn,hcramphornpp@tinypic.com,Male,204.241.96.38
927,Audry,Tett,atettpq@ca.gov,Female,145.91.162.228
928,Jackelyn,Poncet,jponcetpr@examiner.com,Female,141.57.53.19
929,Dulce,Suttill,dsuttillps@nba.com,Agender,6.11.236.192
930,Leupold,Mabb,lmabbpt@gnu.org,Agender,153.1.184.54
931,Lizette,Fishbourn,lfishbournpu@cornell.edu,Non-binary,92.253.149.16
932,Carlos,Byrd,cbyrdpv@bizjournals.com,Genderfluid,127.0.176.85
933,Woody,Halhead,whalheadpw@example.com,Male,138.13.200.79
934,Wini,Fowler,wfowlerpx@google.co.jp,Female,35.76.117.139
935,Desirae,Shepherd,dshepherdpy@guardian.co.uk,Female,161.207.39.190
936,Terrill,Dowey,tdoweypz@mac.com,Male,55.78.48.15
937,Zelma,Benard,zbenardq0@taobao.com,Female,156.200.108.218
938,Ola,Swarbrigg,oswarbriggq1@goo.gl,Female,57.95.152.140
939,Alfred,Woodwing,awoodwingq2@sfgate.com,Male,149.232.149.86
940,Riva,Symons,rsymonsq3@cbsnews.com,Female,34.123.160.161
941,Domini,Scotfurth,dscotfurthq4@fc2.com,Female,47.226.239.127
942,Edith,Morriarty,emorriartyq5@hhs.gov,Female,79.3.225.240
943,Jamison,Whitwell,jwhitwellq6@latimes.com,Male,81.208.166.127
944,Ode,Brissard,obrissardq7@twitpic.com,Male,88.90.254.28
945,Jeffie,Broadbear,jbroadbearq8@jimdo.com,Male,231.65.218.55
946,Delano,Lanmeid,dlanmeidq9@zdnet.com,Genderfluid,90.158.198.92
947,Eustace,Mayow,emayowqa@biglobe.ne.jp,Male,114.231.167.208
948,Erika,Stanaway,estanawayqb@nbcnews.com,Female,175.220.138.230
949,Deloris,Dabling,ddablingqc@lulu.com,Female,91.104.128.113
950,Somerset,Behling,sbehlingqd@va.gov,Male,159.72.44.102
951,Brendan,Redmile,bredmileqe@alibaba.com,Male,110.177.167.211
952,Griffith,Romaint,gromaintqf@tamu.edu,Male,138.173.145.110
953,Ava,Dillinger,adillingerqg@usda.gov,Female,90.191.187.142
954,Bobina,Gawkroge,bgawkrogeqh@washington.edu,Female,249.70.131.92
955,Colly,Ratray,cratrayqi@acquirethisname.com,Genderfluid,95.198.103.182
956,Edan,Folley,efolleyqj@google.com.br,Male,229.10.106.3
957,Garfield,Rowles,growlesqk@1688.com,Non-binary,132.85.43.101
958,Gav,Brimner,gbrimnerql@ask.com,Male,187.5.161.23
959,Casie,Condit,cconditqm@reddit.com,Female,148.238.68.162
960,Waylan,Benford,wbenfordqn@rakuten.co.jp,Male,158.230.103.64
961,Alexandros,Najera,anajeraqo@cnn.com,Male,211.183.41.239
962,Hewitt,Shapcote,hshapcoteqp@facebook.com,Male,190.217.86.27
963,Agnola,Lowrance,alowranceqq@bluehost.com,Female,68.211.170.184
964,Augustine,Furlow,afurlowqr@nih.gov,Female,19.216.82.86
965,Gonzalo,Addekin,gaddekinqs@sitemeter.com,Male,133.172.17.67
966,April,Kneel,akneelqt@unicef.org,Female,226.193.172.1
967,Donelle,Jacob,djacobqu@wisc.edu,Female,67.244.21.120
968,Dacy,Hum,dhumqv@scientificamerican.com,Female,8.137.75.33
969,Patricia,Waterstone,pwaterstoneqw@indiegogo.com,Female,87.137.130.105
970,Burl,Van't Hoff,bvanthoffqx@cloudflare.com,Male,122.196.152.244
971,Derek,O'Kynsillaghe,dokynsillagheqy@pen.io,Male,191.124.160.162
972,Salim,Sunderland,ssunderlandqz@google.com,Male,76.229.209.241
973,Rutter,Klampk,rklampkr0@ow.ly,Male,107.165.108.50
974,Celia,Jasik,cjasikr1@ucla.edu,Female,104.42.12.182
975,Janek,Inglish,jinglishr2@goodreads.com,Male,217.223.9.47
976,Frieda,Rough,froughr3@shop-pro.jp,Female,186.72.53.120
977,Corenda,Bootland,cbootlandr4@theatlantic.com,Female,195.49.1.42
978,Fanya,Houldey,fhouldeyr5@360.cn,Female,114.7.245.242
979,Sinclare,Titta,stittar6@aol.com,Male,55.116.94.209
980,Cheston,Goodlud,cgoodludr7@arizona.edu,Male,136.12.63.249
981,Yorker,Offill,yoffillr8@ning.com,Male,197.107.28.19
982,Olive,Swinden,oswindenr9@usda.gov,Female,93.165.18.137
983,Ambrose,Eagleton,aeagletonra@discovery.com,Male,10.37.195.22
984,Hurleigh,Vidyapin,hvidyapinrb@addtoany.com,Male,230.157.182.153
985,Nichole,Ghidetti,nghidettirc@yale.edu,Female,210.118.42.29
986,De witt,Leaburn,dleaburnrd@amazon.de,Male,34.45.27.174
987,Lyndel,Clewarth,lclewarthre@opera.com,Female,154.248.64.0
988,Marybeth,Panting,mpantingrf@tuttocitta.it,Female,190.31.191.146
989,Cullin,McMennum,cmcmennumrg@yahoo.com,Genderqueer,46.165.195.167
990,Arlen,Dodgson,adodgsonrh@adobe.com,Female,141.15.24.147
991,Gwenny,Meltetal,gmeltetalri@soundcloud.com,Female,179.70.121.220
992,Lacey,Fessby,lfessbyrj@arizona.edu,Female,235.202.91.125
993,Nev,Alner,nalnerrk@npr.org,Male,25.119.94.168
994,Dode,Doherty,ddohertyrl@si.edu,Female,187.51.104.75
995,Nettle,Lepoidevin,nlepoidevinrm@netlog.com,Female,198.135.230.139
996,Doria,Frean,dfreanrn@google.com,Female,6.156.10.106
997,Francyne,Ferriday,fferridayro@opera.com,Female,56.77.212.235
998,Nettie,Copland,ncoplandrp@epa.gov,Female,110.8.112.144
999,Ketti,Hancock,khancockrq@gov.uk,Female,137.102.127.151
1000,Webster,Comoletti,wcomolettirr@dailymotion.com,Male,216.193.63.200
